{
  "name": "foundryvtt-compendiums-world-stormsteel",
  "title": "FoundryVTT Compendiums World Stormsteel",
  "description": "Compendiums collection",
  "version": "1.0.10",
  "author": "4535992",
  "type": "module",
  "socket": true,
  "includes": [
    "./assets/**",
    "./lang/**",
    "./scripts/**",
    "./styles/**",
    "./templates/**",
    "./module.json",
    "./README.md",
    "./icons/**",
    "./packs/**"
  ],
  "media": [
    {
      "type": "icon",
      "location": ""
    },
    {
      "type": "cover",
      "location": ""
    },
    {
      "type": "screenshot",
      "location": ""
    }
  ],
  "languages": [],
  "systems": ["dnd5e"],
  "scripts": ["foundryvtt-compendiums-world-stormsteel.js"],
  "esmodules": [],
  "styles": [],
  "packs": [
    {
      "name": "stormsteel-scene",
      "entity": "Scene",
      "label": "STST - Scene",
      "path": "packs/stormsteel-scene.db",
      "module" : "foundryvtt-compendiums-world-stormsteel"
    },
    {
      "name": "stormsteel-actor-npchumanoid",
      "entity": "Actor",
      "label": "STST - Actor NPC Humanoid",
      "path": "packs/stormsteel-actor-npchumanoid.db",
      "module" : "foundryvtt-compendiums-world-stormsteel"
    },
    {
      "name": "stormsteel-actor-npchumanoiddrow",
      "entity": "Actor",
      "label": "STST - Actor NPC Humanoid Drow",
      "path": "packs/stormsteel-actor-npchumanoiddrow.db",
      "module" : "foundryvtt-compendiums-world-stormsteel"
    },
    {
      "name": "stormsteel-actor-npchumanoidmix",
      "entity": "Actor",
      "label": "STST - Actor NPC Mix",
      "path": "packs/stormsteel-actor-npchumanoidmix.db",
      "module" : "foundryvtt-compendiums-world-stormsteel"
    },
    {
      "name": "stormsteel-actor-npchumanoidsamurai",
      "entity": "Actor",
      "label": "STST - Actor NPC Samurai",
      "path": "packs/stormsteel-actor-npchumanoidsamurai.db",
      "module" : "foundryvtt-compendiums-world-stormsteel"
    },
    {
      "name": "stormsteel-actor-npcstory",
      "entity": "Actor",
      "label": "STST - Actor NPC Story",
      "path": "packs/stormsteel-actor-npcstory.db",
      "module" : "foundryvtt-compendiums-world-stormsteel"
    },
    {
      "name": "stormsteel-actor-player",
      "entity": "Actor",
      "label": "STST - Actor Player",
      "path": "packs/stormsteel-actor-player.db",
      "module" : "foundryvtt-compendiums-world-stormsteel"
    },
    {
      "name": "stormsteel-actor-journal",
      "entity": "Actor",
      "label": "STST - Journal",
      "path": "packs/stormsteel-actor-journal.db",
      "module" : "foundryvtt-compendiums-world-stormsteel"
    },
    {
      "name": "stormsteel-actor-npcmix",
      "entity": "Actor",
      "label": "STST - Actor NPC Mix",
      "path": "packs/stormsteel-actor-npcmix.db",
      "module" : "foundryvtt-compendiums-world-stormsteel"
    },
    {
      "name": "stormsteel-fa-dm-screen-toc",
      "entity": "JournalEntry",
      "label": "STST - FA's Exensive DM Screen",
      "path": "packs/stormsteel-fa-dm-screen.db",
      "module" : "foundryvtt-compendiums-world-stormsteel"
    },
    {
      "name": "stormsteel-item-merchant",
      "entity": "Item",
      "label": "STST - Item Merchant",
      "path": "packs/stormsteel-item-merchant.db",
      "module" : "foundryvtt-compendiums-world-stormsteel"
    },
    {
      "name": "stormsteel-item-mix",
      "entity": "Item",
      "label": "STST - Item Mix",
      "path": "packs/stormsteel-item-mix.db",
      "module" : "foundryvtt-compendiums-world-stormsteel"
    },
    {
      "name": "stormsteel-item-plants",
      "entity": "Item",
      "label": "STST - Item Plants",
      "path": "packs/stormsteel-item-plants.db",
      "module" : "foundryvtt-compendiums-world-stormsteel"
    }
  ],
  "dependencies": [
  ],
  "url": "https://github.com/p4535992/foundryvtt-compendiums-world-stormsteel",
  "manifest": "https://raw.githubusercontent.com/p4535992/foundryvtt-compendiums-world-stormsteel/master/src/module.json",
  "download": "https://raw.githubusercontent.com/p4535992/foundryvtt-compendiums-world-stormsteel/master/package/foundryvtt-compendiums-world-stormsteel-v1.0.10.zip",
  "minimumCoreVersion": "0.8.6",
  "compatibleCoreVersion": "0.8.9",
  "changelog": "https://raw.githubusercontent.com/p4535992/foundryvtt-compendiums-world-stormsteel/master/changelog.md",
  "bugs": "https://github.com/p4535992/foundryvtt-compendiums-world-stormsteel/issues",
  "allowBugReporter": true
}