{
  "name": "foundryvtt-compendiums-world-stormsteel",
  "title": "FoundryVTT Compendiums World Stormsteel",
  "description": "Compendiums collection",
  "version": "1.0.0",
  "author": "4535992",
  "type": "module",
  "socket": true,
  "includes": [
    "./assets/**",
    "./lang/**",
    "./scripts/**",
    "./styles/**",
    "./templates/**",
    "./module.json",
    "./README.md",
    "./icons/**",
    "./packs/**"
  ],
  "media": [
    {
      "type": "icon",
      "location": ""
    },
    {
      "type": "cover",
      "location": ""
    },
    {
      "type": "screenshot",
      "location": ""
    }
  ],
  "languages": [],
  "systems": ["dnd5e"],
  "scripts": ["foundryvtt-compendiums-world-stormsteel.js"],
  "esmodules": [],
  "styles": [],
  "packs": [
    {
      "label": "stormsteelScene",
      "entity": "Scene",
      "name": "stormsteelscene",
      "path": "packs/stormsteelscene.db",
      "module" : "foundryvtt-compendiums-mix-dnd5e"
    },
    {
      "label": "stormsteelActorNPCHumanoid",
      "entity": "Actor",
      "name": "stormsteelactornpchumanoid",
      "path": "packs/stormsteelactornpchumanoid.db",
      "module" : "foundryvtt-compendiums-mix-dnd5e"
    },
    {
      "label": "stormsteel-the-porvenir-actor",
      "entity": "Actor",
      "name": "stormsteel-the-porvenir-actor",
      "path": "packs/stormsteel-the-porvenir-actor.db",
      "module" : "foundryvtt-compendiums-mix-dnd5e"
    },
    {
      "label": "stormsteel-the-porvenir-item",
      "entity": "Item",
      "name": "stormsteel-the-porvenir-item",
      "path": "packs/stormsteel-the-porvenir-item.db",
      "module" : "foundryvtt-compendiums-mix-dnd5e"
    },
    {
      "label": "stormsteel-the-porvenir-journalentry",
      "entity": "JournalEntry",
      "name": "stormsteel-the-porvenir-journalentry",
      "path": "packs/stormsteel-the-porvenir-journalentry.db",
      "module" : "foundryvtt-compendiums-mix-dnd5e"
    },
    {
      "label": "stormsteel-the-porvenir-macro",
      "entity": "Macro",
      "name": "stormsteel-the-porvenir-macro",
      "path": "packs/stormsteel-the-porvenir-macro.db",
      "module" : "foundryvtt-compendiums-mix-dnd5e"
    },
    {
      "label": "stormsteel-the-porvenir-rolltable",
      "entity": "RollTable",
      "name": "stormsteel-the-porvenir-rolltable",
      "path": "packs/stormsteel-the-porvenir-rolltable.db",
      "module" : "foundryvtt-compendiums-mix-dnd5e"
    },
    {
      "label": "stormsteel-the-porvenir-scene",
      "entity": "Scene",
      "name": "stormsteel-the-porvenir-scene",
      "path": "packs/stormsteel-the-porvenir-scene.db",
      "module" : "foundryvtt-compendiums-mix-dnd5e"
    },
    {
      "label": "stormsteel-the-porvenir-playlist",
      "entity": "Playlist",
      "name": "stormsteel-the-porvenir-playlist",
      "path": "packs/stormsteel-the-porvenir-playlist.db",
      "module" : "foundryvtt-compendiums-mix-dnd5e"
    }    
  ],
  "dependencies": [
  ],
  "url": "https://github.com/p4535992/foundryvtt-compendiums-world-stormsteel",
  "manifest": "https://raw.githubusercontent.com/p4535992/foundryvtt-compendiums-world-stormsteel/master/src/module.json",
  "download": "https://raw.githubusercontent.com/p4535992/foundryvtt-compendiums-world-stormsteel/master/package/foundryvtt-compendiums-world-stormsteel-v1.0.0.zip",
  "minimumCoreVersion": "0.8.6",
  "compatibleCoreVersion": "0.8.7",
  "changelog": "https://raw.githubusercontent.com/p4535992/foundryvtt-compendiums-world-stormsteel/master/changelog.md",
  "bugs": "https://github.com/p4535992/foundryvtt-compendiums-world-stormsteel/issues",
  "allowBugReporter": true
}